{
  "v17_19k": {
    "checkpoint": "checkpoints/checkpoint_v17_iter_19000.pth",
    "scene_filter": "all",
    "C_arap": 0.16616102111986425,
    "Cast_RMS": 0.05865784659918356,
    "albedo_si_rmse": 0.3044318664311008,
    "albedo_lmse": 0.040332065193400594,
    "n_groups": 37,
    "color_spread_thr": 0.15,
    "colored": {
      "n": 19,
      "C_arap": 0.19933182870348296,
      "Cast_RMS": 0.06659514978528022
    },
    "direction": {
      "n": 13,
      "C_arap": 0.11949345528591948,
      "Cast_RMS": 0.02215217267841205
    },
    "degenerate": {
      "n": 5,
      "C_arap": 0.1879842695372645,
      "Cast_RMS": 0.12976068923489947
    },
    "per_group_spread": {
      "alley": 0.449,
      "amsterdam": 0.3013,
      "bedroom": 0.1023,
      "bedroom2": 0.3895,
      "blenderscene": 0.0,
      "bread": 0.3985,
      "breakfast": 0.0004,
      "butterfly": 0.0,
      "camera": 0.1335,
      "caterpillar": 0.2104,
      "chocofur": 0.0766,
      "classroom": 0.0921,
      "classroom2": 0.172,
      "conference": 22.0204,
      "corner": 0.2965,
      "corridor": 0.2312,
      "cream": 0.0225,
      "hunter": 0.0422,
      "iron": 0.1719,
      "katie": 0.9562,
      "kitchen": 0.1125,
      "livingroom": 0.0331,
      "office": 0.1322,
      "oldclassroom": 0.1657,
      "postit": 0.1994,
      "redhead": 0.5839,
      "restroom": 0.108,
      "revolution": 0.1573,
      "skyscraper": 0.24,
      "strawberries": 25.8698,
      "street": 0.2029,
      "tiger": 0.0,
      "vaulted": 0.5179,
      "villa": 0.1554,
      "violin": 0.2454,
      "whiteroom": 0.2096,
      "workshop": 0.5047
    },
    "degenerate_scenes": [
      "caterpillar",
      "conference",
      "strawberries",
      "tiger",
      "workshop"
    ]
  },
  "v17_19k__indoor": {
    "checkpoint": "checkpoints/checkpoint_v17_iter_19000.pth",
    "scene_filter": "indoor",
    "C_arap": 0.15092112797852184,
    "Cast_RMS": 0.06260430334937568,
    "albedo_si_rmse": 0.3323021561543389,
    "albedo_lmse": 0.04353817395060948,
    "n_groups": 23,
    "color_spread_thr": 0.15,
    "colored": {
      "n": 10,
      "C_arap": 0.17838059407141474,
      "Cast_RMS": 0.06044810968968603
    },
    "direction": {
      "n": 10,
      "C_arap": 0.11829342424753123,
      "Cast_RMS": 0.02395384210249176
    },
    "degenerate": {
      "n": 3,
      "C_arap": 0.17730174213647842,
      "Cast_RMS": 0.19790775515139103
    },
    "per_group_spread": {
      "bedroom": 0.1023,
      "bedroom2": 0.3895,
      "blenderscene": 0.0,
      "bread": 0.3985,
      "breakfast": 0.0004,
      "camera": 0.1335,
      "chocofur": 0.0766,
      "classroom": 0.0921,
      "classroom2": 0.172,
      "conference": 22.0204,
      "corridor": 0.2312,
      "cream": 0.0225,
      "iron": 0.1719,
      "kitchen": 0.1125,
      "livingroom": 0.0331,
      "oldclassroom": 0.1657,
      "postit": 0.1994,
      "restroom": 0.108,
      "strawberries": 25.8698,
      "villa": 0.1554,
      "violin": 0.2454,
      "whiteroom": 0.2096,
      "workshop": 0.5047
    },
    "degenerate_scenes": [
      "conference",
      "strawberries",
      "workshop"
    ]
  },
  "v17_50k": {
    "checkpoint": "checkpoints/v17/checkpoint_iter_50000.pth",
    "scene_filter": "all",
    "C_arap": 0.18892677634749183,
    "Cast_RMS": 0.07123635577259231,
    "albedo_si_rmse": 0.3375988598122741,
    "albedo_lmse": 0.05015199037998999,
    "n_groups": 37,
    "color_spread_thr": 0.15,
    "colored": {
      "n": 19,
      "C_arap": 0.21050275315841038,
      "Cast_RMS": 0.07094919004788001
    },
    "direction": {
      "n": 13,
      "C_arap": 0.13149354207346803,
      "Cast_RMS": 0.026153272709098455
    },
    "degenerate": {
      "n": 5,
      "C_arap": 0.273525255027198,
      "Cast_RMS": 0.18931386891181318
    },
    "per_group_spread": {
      "alley": 0.449,
      "amsterdam": 0.3013,
      "bedroom": 0.1023,
      "bedroom2": 0.3895,
      "blenderscene": 0.0,
      "bread": 0.3985,
      "breakfast": 0.0004,
      "butterfly": 0.0,
      "camera": 0.1335,
      "caterpillar": 0.2104,
      "chocofur": 0.0766,
      "classroom": 0.0921,
      "classroom2": 0.172,
      "conference": 22.0204,
      "corner": 0.2965,
      "corridor": 0.2312,
      "cream": 0.0225,
      "hunter": 0.0422,
      "iron": 0.1719,
      "katie": 0.9562,
      "kitchen": 0.1125,
      "livingroom": 0.0331,
      "office": 0.1322,
      "oldclassroom": 0.1657,
      "postit": 0.1994,
      "redhead": 0.5839,
      "restroom": 0.108,
      "revolution": 0.1573,
      "skyscraper": 0.24,
      "strawberries": 25.8698,
      "street": 0.2029,
      "tiger": 0.0,
      "vaulted": 0.5179,
      "villa": 0.1554,
      "violin": 0.2454,
      "whiteroom": 0.2096,
      "workshop": 0.5047
    },
    "degenerate_scenes": [
      "caterpillar",
      "conference",
      "strawberries",
      "tiger",
      "workshop"
    ]
  },
  "v17_50k__indoor": {
    "checkpoint": "checkpoints/v17/checkpoint_iter_50000.pth",
    "scene_filter": "indoor",
    "C_arap": 0.1664063736931315,
    "Cast_RMS": 0.07108432316106866,
    "albedo_si_rmse": 0.361926662122331,
    "albedo_lmse": 0.05775478192485824,
    "n_groups": 23,
    "color_spread_thr": 0.15,
    "colored": {
      "n": 10,
      "C_arap": 0.18076793766684002,
      "Cast_RMS": 0.06080262104256286
    },
    "direction": {
      "n": 10,
      "C_arap": 0.12216650682676118,
      "Cast_RMS": 0.020914468429327825
    },
    "degenerate": {
      "n": 3,
      "C_arap": 0.27078790465990704,
      "Cast_RMS": 0.26916227862238884
    },
    "per_group_spread": {
      "bedroom": 0.1023,
      "bedroom2": 0.3895,
      "blenderscene": 0.0,
      "bread": 0.3985,
      "breakfast": 0.0004,
      "camera": 0.1335,
      "chocofur": 0.0766,
      "classroom": 0.0921,
      "classroom2": 0.172,
      "conference": 22.0204,
      "corridor": 0.2312,
      "cream": 0.0225,
      "iron": 0.1719,
      "kitchen": 0.1125,
      "livingroom": 0.0331,
      "oldclassroom": 0.1657,
      "postit": 0.1994,
      "restroom": 0.108,
      "strawberries": 25.8698,
      "villa": 0.1554,
      "violin": 0.2454,
      "whiteroom": 0.2096,
      "workshop": 0.5047
    },
    "degenerate_scenes": [
      "conference",
      "strawberries",
      "workshop"
    ]
  },
  "marigold_app": {
    "checkpoint": "checkpoints/marigold-iid-appearance-v1-1",
    "scene_filter": "all",
    "C_arap": 0.162950194186785,
    "Cast_RMS": 0.0861484338247189,
    "albedo_si_rmse": 0.2571531572858944,
    "albedo_lmse": 0.03698270063173505,
    "n_groups": 37,
    "color_spread_thr": 0.15,
    "colored": {
      "n": 19,
      "C_arap": 0.18368524958690008,
      "Cast_RMS": 0.06291428537418445
    },
    "direction": {
      "n": 13,
      "C_arap": 0.12633555883971545,
      "Cast_RMS": 0.035997096162575945
    },
    "degenerate": {
      "n": 5,
      "C_arap": 0.19594307988882065,
      "Cast_RMS": 0.286244357097894
    },
    "per_group_spread": {
      "alley": 0.449,
      "amsterdam": 0.3013,
      "bedroom": 0.1023,
      "bedroom2": 0.3895,
      "blenderscene": 0.0,
      "bread": 0.3985,
      "breakfast": 0.0004,
      "butterfly": 0.0,
      "camera": 0.1335,
      "caterpillar": 0.2104,
      "chocofur": 0.0766,
      "classroom": 0.0921,
      "classroom2": 0.172,
      "conference": 22.0204,
      "corner": 0.2965,
      "corridor": 0.2312,
      "cream": 0.0225,
      "hunter": 0.0422,
      "iron": 0.1719,
      "katie": 0.9562,
      "kitchen": 0.1125,
      "livingroom": 0.0331,
      "office": 0.1322,
      "oldclassroom": 0.1657,
      "postit": 0.1994,
      "redhead": 0.5839,
      "restroom": 0.108,
      "revolution": 0.1573,
      "skyscraper": 0.24,
      "strawberries": 25.8698,
      "street": 0.2029,
      "tiger": 0.0,
      "vaulted": 0.5179,
      "villa": 0.1554,
      "violin": 0.2454,
      "whiteroom": 0.2096,
      "workshop": 0.5047
    },