{
  "v20_40k": {
    "label": "v20_40k",
    "n_groups": 20,
    "C_arap": 0.2467093709274195,
    "Cast_RMS": 0.12811905945161173,
    "albedo_si_rmse": 0.6639003064483404,
    "albedo_lmse": 0.053167397857760076,
    "colored": {
      "n": 11,
      "C_arap": 0.334945218806917,
      "Cast_RMS": 0.22763763882766552
    },
    "direction": {
      "n": 9,
      "C_arap": 0.13886555685247812,
      "Cast_RMS": 0.006485240214212591
    },
    "degenerate": {
      "n": 0,
      "C_arap": NaN,
      "degenerate_scenes": [
        "bedroom",
        "bedroom2",
        "bread",
        "breakfast",
        "camera",
        "chocofur",
        "classroom",
        "classroom2",
        "conference",
        "corridor",
        "cream",
        "kitchen",
        "livingroom",
        "oldclassroom",
        "postit",
        "restroom",
        "villa",
        "violin",
        "whiteroom",
        "workshop"
      ]
    },
    "all": [
      0.02412381023168564,
      0.10544481128454208,
      0.36889731884002686,
      0.7538929581642151,
      0.14545542001724243,
      0.5861896276473999,
      0.0011775355087593198,
      0.15391232073307037,
      0.4930500090122223,
      0.3239566683769226,
      0.0015077384887263179,
      0.01939786784350872,
      0.12537407875061035,
      0.3208952844142914,
      0.3335479497909546,
      0.24653968214988708,
      0.24229954183101654,
      0.5618093013763428,
      0.12353536486625671,
      0.0031801292207092047
    ]
  },
  "v17_50k": {
    "label": "v17_50k",
    "n_groups": 20,
    "C_arap": 0.12264876589761116,
    "Cast_RMS": 0.04534837023319204,
    "albedo_si_rmse": 0.3769879137476285,
    "albedo_lmse": 0.04669606076010192,
    "colored": {
      "n": 11,
      "C_arap": 0.14884107221256604,
      "Cast_RMS": 0.07925245312351234
    },
    "direction": {
      "n": 9,
      "C_arap": 0.09063594706822187,
      "Cast_RMS": 0.003910046700578349
    },
    "degenerate": {
      "n": 0,
      "C_arap": NaN,
      "degenerate_scenes": [
        "bedroom",
        "bedroom2",
        "bread",
        "breakfast",
        "camera",
        "chocofur",
        "classroom",
        "classroom2",
        "conference",
        "corridor",
        "cream",
        "kitchen",
        "livingroom",
        "oldclassroom",
        "postit",
        "restroom",
        "villa",
        "violin",
        "whiteroom",
        "workshop"
      ]
    },
    "all": [
      0.008440783247351646,
      0.10598193854093552,
      0.37136226892471313,
      0.13933654129505157,
      0.020310360938310623,
      0.3684122562408447,
      0.00220645684748888,
      0.14214636385440826,
      0.2956310510635376,
      0.07478420436382294,
      0.00048209179658442736,
      0.011697563342750072,
      0.04341013729572296,
      0.04776989296078682,
      0.11495622992515564,
      0.143163800239563,
      0.22799363732337952,
      0.23816640675067902,
      0.0868065357208252,
      0.009916797280311584
    ]
  }
}